{"cameraMode":{"drawMode":0,"name":"Shaded","section":"Shading Mode"},"sceneLighting":true,"audioPlay":false,"sceneViewState":{"showFog":false,"showMaterialUpdate":false,"showSkybox":false,"showFlares":false,"showImageEffects":false,"showParticleSystems":false},"in2DMode":false,"pivot":{"x":1.0110721588134766,"y":14.536121368408204,"z":9.353281021118164},"rotation":{"x":0.33656641840934756,"y":-0.6514929533004761,"z":0.3974685072898865,"w":0.5516501069068909},"size":11.291155815124512,"orthographic":true}