{"cameraMode":{"drawMode":0,"name":"Shaded","section":"Shading Mode"},"sceneLighting":false,"audioPlay":false,"sceneViewState":{"showFog":true,"showMaterialUpdate":false,"showSkybox":false,"showFlares":true,"showImageEffects":true,"showParticleSystems":true},"in2DMode":false,"pivot":{"x":-4.300000190734863,"y":0.40000003576278689,"z":13.600000381469727},"rotation":{"x":0.46022891998291018,"y":0.11132711172103882,"z":-0.05829879269003868,"w":0.8788654208183289},"size":2.7938573360443117,"orthographic":false}