{"cameraMode":{"drawMode":0,"name":"Shaded","section":"Shading Mode"},"sceneLighting":true,"audioPlay":false,"sceneViewState":{"showFog":true,"showMaterialUpdate":false,"showSkybox":true,"showFlares":true,"showImageEffects":true,"showParticleSystems":true},"in2DMode":false,"pivot":{"x":339.84075927734377,"y":-2211.467041015625,"z":2284.76025390625},"rotation":{"x":-0.33148473501205447,"y":-0.10077047348022461,"z":0.03565960377454758,"w":-0.937405526638031},"size":796.5070190429688,"orthographic":false}